Title,channel_title,published_at,view_count,like_count,comment_count,engagement_rate,Engagement rate %,likes_to_views_ratio,comments_to_views_ratio,duration_seconds,duration_seconds_sorting ,video_age_days
Backpropagation calculus | Deep Learning Chapter 4,3Blue1Brown,2017-11-03 14:08:09+00:00,3503534,71579,2287,0.021083277,2.108328334,0.020430508,0.000652769,618,Short Video,2936
"Backpropagation, intuitively | Deep Learning Chapter 3",3Blue1Brown,2017-11-03 14:03:37+00:00,5587310,98603,1697,0.01795139,1.795139343,0.017647666,0.000303724,767,Short Video,2936
But what is a neural network? | Deep learning chapter 1,3Blue1Brown,2017-10-05 15:11:25+00:00,21325565,511165,8487,0.02436756,2.436756072,0.023969587,0.000397973,1120,Medium Length Video,2965
"Gradient descent, how neural networks learn | Deep Learning Chapter 2",3Blue1Brown,2017-10-16 16:48:20+00:00,8389210,174312,3434,0.021187451,2.118745388,0.020778116,0.000409335,1233,Medium Length Video,2954
How word vectors encode meaning,3Blue1Brown,2024-04-11 16:23:26+00:00,3120589,140106,1274,0.045305535,4.530554969,0.044897279,0.000408256,60,Short Video,585
Large Language Models explained briefly,3Blue1Brown,2024-11-20 15:07:15+00:00,4364236,141612,1927,0.032889827,3.288983456,0.032448284,0.000441543,478,Short Video,362
Perfect Cake Slices Made Easy,5-Minute Crafts HOUSE,2025-08-03 12:45:11+00:00,113393655,739579,537,0.006526961,0.652696132,0.006522226,4.74E-06,19,Short Video,106
"""Godfather of AI"" Geoffrey Hinton: The 60 Minutes Interview",60 Minutes,2023-10-09 12:03:13+00:00,3878052,52101,3935,0.014449519,1.44495226,0.013434834,0.001014684,792,Short Video,770
Artificial Intelligence | 60 Minutes Full Episodes,60 Minutes,2023-12-30 13:00:02+00:00,9118589,95272,8037,0.011329493,1.132949407,0.010448107,0.000881386,3210,Medium Length Video,688
The best MULTIPLAYER Backrooms game's FULL RELEASE is here. (Escape The Backrooms 1.0 - ALL Endings),8-BitRyan,2025-11-17 19:00:44+00:00,149274,10026,625,0.071351532,,0.067164629,0.004186903,10987,Long Video,0
Squid Game AI Edible Slime ASMR #squidgame #squidgame2 #ai #asmr,A.I.C,2025-05-24 04:05:04+00:00,13101317,48193,305,0.003701765,,0.003678485,2.33E-05,8,Short Video,178
How many flags can you count? #travel #travelamore #traveling #travelvlog #trending #2024 #recap,Aakanksha Monga,2024-12-24 12:51:10+00:00,12243110,295266,3444,0.024398211,,0.02411691,0.000281301,14,Short Video,328
Bungee ü•±Jumping With Rope In Beautiful Place Adventures #bungeejumping  #shorts #vlog,ADVEN,2022-10-09 06:01:40+00:00,210574394,3789870,6280,0.018027595,,0.017997772,2.98E-05,9,Short Video,1136
How I'd become a data analyst (if i had to start over) in 2025,Agatha,2024-01-12 14:00:27+00:00,966949,46020,1144,0.048776048,,0.047592947,0.001183102,537,Short Video,675
I LEARNED CODING IN A DAY #shorts,Agnit Shorts,2023-03-17 04:30:00+00:00,31141877,1255613,810641,0.066349692,,0.040319116,0.026030575,41,Short Video,977
We're Not Ready for Superintelligence,AI In Context,2025-07-09 16:03:16+00:00,8508911,344231,33478,0.044389812,,0.040455348,0.003934463,2051,Medium Length Video,131
"Meet Chloe, the World's First Self-Learning Female AI Robot",AI Insider SHORTZ,2023-08-01 12:00:48+00:00,12056983,334725,27813,0.030068714,,0.027761918,0.002306796,31,Short Video,839
Buy an AI Humanoid Robot to Take Care of Your Baby #robot #ai #shorts,AI Robot Lab,2025-05-16 07:45:12+00:00,18874582,98577,613,0.005255215,0.525521572,0.005222738,3.25E-05,26,Short Video,186
"Ex-OpenAI Scientist WARNS: ""You Have No Idea What's Coming""",AI Upload,2025-07-16 21:51:04+00:00,4148571,51823,16786,0.01653798,,0.012491768,0.004046212,1094,Medium Length Video,124
AI Learns Insane Way to Jump,AI Warehouse,2024-03-25 22:08:29+00:00,7108310,281551,1396,0.039805096,,0.039608706,0.00019639,50,Short Video,602
AI Learns Red Light Green Light (reinforcement learning),AI Warehouse,2025-08-30 18:17:15+00:00,2311265,70385,4153,0.032249858,,0.030453007,0.001796851,763,Short Video,79
AI Learns to Dodge  #ai #deeplearning #aiwarehouse,AI Warehouse,2024-07-20 04:11:42+00:00,11628193,524073,2175,0.045256211,,0.045069166,0.000187045,40,Short Video,486
AI Learns to Play Soccer (and breaks physics),AI Warehouse,2025-05-31 23:14:58+00:00,6012177,93909,4031,0.01629027,,0.015619797,0.000670472,744,Short Video,170
AI Learns to Walk (deep reinforcement learning),AI Warehouse,2023-04-23 15:16:23+00:00,12181385,233272,9924,0.019964559,,0.019149873,0.000814686,520,Short Video,939
Animation vs. Coding,Alan Becker,2025-03-01 13:00:06+00:00,15900984,663212,24497,0.043249459,,0.041708863,0.001540596,567,Short Video,261
"I Made A Song In 10 Minutes, 1 Hour, 100 Hours!",Alan Walker,2023-04-07 17:45:01+00:00,4395388,192806,4954,0.044992605,4.499261499,0.043865515,0.00112709,660,Short Video,955
Learn SQL Beginner to Advanced in Under 4 Hours,Alex The Analyst,2024-10-08 12:00:27+00:00,1100219,21763,833,0.020537711,2.053772931,0.019780589,0.000757121,14698,Long Video,405
LA PERVERSA X LA INSUPERABLE X ALOFOKE MUSIC X SHADOW BLOW - BANDIDA,AlofokeMusicSounds,2025-11-16 15:34:55+00:00,1405647,140463,9063,0.106375138,,0.099927578,0.00644756,111,Short Video,1
#Vidaamuyarchi theme making,Anirudh Ravichander,2024-11-29 16:19:20+00:00,5663039,211775,1432,0.03764886,,0.037395992,0.000252868,29,Short Video,353
Morning routine #ankitbaiyanpuria #fitness #workout #motivation #kusti,Ankit Baiyanpuria,2023-04-25 02:58:52+00:00,28022468,1816255,2354,0.064898243,,0.064814239,8.40E-05,35,Short Video,938
Age of Apes ads review new level: Ape Hero #games #gameape #gaming,AOA Review,2024-11-03 14:01:00+00:00,11350278,159304,27,0.014037629,,0.01403525,2.38E-06,31,Short Video,379
Age of Apes ads review new level: Ape Uprising Begins #gaming #games #funny,AOA Review,2025-03-01 09:00:22+00:00,18836406,252066,33,0.013383603,,0.013381851,1.75E-06,38,Short Video,262
Age of apes ads review new level: Attack on Titan #games #gaming,AOA Review,2024-05-01 01:00:20+00:00,6029605,117701,64,0.019531127,,0.019520513,1.06E-05,32,Short Video,566
Age of Apes ads review new level: Banana Wars #games #gameape #gaming,AOA Review,2025-01-11 08:00:08+00:00,5822188,95261,21,0.016365322,,0.016361716,3.61E-06,37,Short Video,311
Age of Apes ads review new level: Gorillas evolved #gaming #gameape #games,AOA Review,2024-10-24 05:00:00+00:00,6404302,99340,30,0.01551613,,0.015511446,4.68E-06,34,Short Video,390
Age of Apes ads review new level: Strategy or chaos? Age of Apes ads #gaming #funny #games,AOA Review,2025-03-06 05:00:35+00:00,10830670,117783,36,0.010878273,,0.010874949,3.32E-06,31,Short Video,257
Age of Apes ads review new level: Take over huge power #gaming #gameape #games,AOA Review,2024-11-09 11:00:20+00:00,6848158,142675,6,0.020834943,,0.020834067,8.76E-07,34,Short Video,373
Age of Apes ads review new level: The power of machines #games #gameape #gaming,AOA Review,2024-10-24 11:00:29+00:00,3270527,46576,10,0.014244183,,0.014241126,3.06E-06,34,Short Video,389
Age of Apes ads review new level: Worms invade the body #games #gaming #gameape,AOA Review,2024-08-18 11:00:00+00:00,178011159,2090110,126,0.011742163,,0.011741455,7.08E-07,34,Short Video,456
ONE GIRL at the ALPHA WOLF School!,Aphmau,2025-11-17 21:34:19+00:00,203329,6359,642,0.034431712,,0.031274283,0.003157429,1111,Medium Length Video,0
5 AI tools for all Codersüôåüèª,Apna College,2023-04-24 16:36:00+00:00,1806217,204903,364,0.113644643,11.3644706,0.113443117,0.000201526,60,Short Video,938
5 Websites for Freelancing,Apna College,2022-11-08 13:22:50+00:00,4131945,323026,531,0.078306202,7.83062214,0.078177692,0.000128511,31,Short Video,1105
Building AMAZON Clone for Beginners | Project using HTML & CSS,Apna College,2023-06-21 17:15:09+00:00,3220239,58024,2160,0.01868929,1.868929604,0.018018533,0.000670757,6076,That's still bit long!,880
"C++, Java or Python? Which language is best for College Placements in India",Apna College,2021-05-11 17:17:41+00:00,8912944,511622,2159,0.057644359,5.764436532,0.057402127,0.000242232,60,Short Video,1651
"CSS Tutorial for Beginners | Complete CSS with Project, Notes & Code",Apna College,2023-06-04 16:32:22+00:00,15010531,177335,12936,0.012675833,1.267583405,0.011814038,0.000861795,26304,Long Video,897
Data Analyst vs Data Scientist vs  vs Data Engineer | Difference Explained,Apna College,2024-01-13 15:03:11+00:00,1122469,36356,1329,0.03357328,3.357331027,0.032389284,0.001183996,809,Short Video,674
How to become a UI UX Designer?,Apna College,2023-05-11 15:31:17+00:00,2934852,202027,565,0.069029692,6.902971598,0.068837179,0.000192514,57,Short Video,921
How to learn Data Science? In Short,Apna College,2023-10-19 15:41:19+00:00,1303932,84256,274,0.06482695,6.482700018,0.064616817,0.000210133,47,Short Video,760
How to Start Coding? Learn Programming for Beginners,Apna College,2022-01-25 17:54:00+00:00,9425030,345576,7629,0.037475208,3.747521228,0.036665768,0.00080944,665,Short Video,1392
How to Start Web Development? Complete Roadmap for FullStack Developer | 2022,Apna College,2022-04-16 15:16:43+00:00,3938455,172533,4196,0.044872661,4.487267215,0.043807269,0.001065392,941,Short Video,1311
HTML Tutorial for Beginners | Complete HTML with Notes & Code,Apna College,2022-03-22 15:30:08+00:00,26688082,494207,24551,0.019437814,1.943781498,0.018517891,0.000919924,7560,That's still bit long!,1336
Introduction to Web Development | World's most premium Web Development Course | Lecture 0 (Reupload),Apna College,2020-12-12 13:59:05+00:00,7247716,183565,6493,0.026223154,2.622315775,0.025327286,0.000895868,668,Short Video,1801
"JavaScript Tutorial (2024) for Beginners to Pro (with Notes, Projects & Practice Questions)",Apna College,2023-12-21 14:39:41+00:00,5617709,69149,3693,0.012966493,1.296649577,0.012309108,0.000657385,42434,Long Video,697
Python Tutorial for Beginners - Full Course (with Notes & Practice Questions),Apna College,2024-02-12 14:24:29+00:00,10009276,162115,8521,0.017047785,1.704778647,0.016196475,0.00085131,37491,Long Video,644
Python Tutorial for Beginners | Learn Python in 1.5 Hours,Apna College,2021-12-02 16:36:14+00:00,11565187,266334,7968,0.023717902,2.371790443,0.023028938,0.000688964,4632,Medium Length Video,1446
Roadmap to Web Development | for Students,Apna College,2023-10-17 14:20:06+00:00,3496105,251348,620,0.072071041,7.207106194,0.071893701,0.00017734,59,Short Video,762
What is Data Science? | Complete RoadMap | Simply Explained,Apna College,2021-11-11 16:23:54+00:00,2657742,108710,2843,0.041972832,4.197284763,0.040903127,0.001069705,474,Short Video,1467
What is Data Science? | Completely RoadMap | Simply Explained by Shradha Khapra Ma'am,Apna College,2023-09-13 15:15:55+00:00,2066589,73793,2397,0.036867497,3.686751454,0.035707615,0.001159882,756,Short Video,796
It's all crashing down..,Asmongold TV,2025-11-18 02:00:35+00:00,755718,26231,5285,0.041703332,,0.034709991,0.00699334,1033,Medium Length Video,0
What if our Hands had Artificial Intelligence (AI)? + more videos | #aumsum #kids #children #whatif,AumSum's Science,2024-05-06 12:00:53+00:00,6679303,5906,0,0.000884224,,0.000884224,0,1839,Medium Length Video,560
What if Rocks had Artificial Intelligence? + more videos | #aumsum #kids #children #cartoon #whatif,AumSum's Science,2024-07-05 11:30:08+00:00,16861575,7681,0,0.000455533,,0.000455533,0,618,Short Video,500
Avatar: Fire and Ash | In Theatres December 19,Avatar,2025-11-18 02:56:47+00:00,126113,8433,574,0.071419509,,0.066868072,0.004551438,60,Short Video,0
EASY Python Mistake!! #python #programming #coding,b001,2023-06-17 19:08:22+00:00,3004855,139564,1909,0.047081457,,0.046446152,0.000635305,58,Short Video,884
Fix this before you choose Data Science! #datascientist #shorts #developer #programming,BEPEC,2021-07-08 12:38:50+00:00,1928437,58538,398,0.030561522,,0.030355137,0.000206385,31,Short Video,1593
Is Data Science Hard or Easy?? #dataanalytics #datascience,BEPEC,2023-05-16 13:57:18+00:00,1772439,89929,329,0.050923021,,0.050737402,0.00018562,59,Short Video,916
10 minutes Healthy dahi wala Sandwich #food #bharatzkitchen #recipe #cooking,Bharatzkitchen Shorts,2024-05-23 12:07:13+00:00,42223852,1545577,1950,0.03665054,,0.036604357,4.62E-05,55,Short Video,543
"30 minute fat burning home workout for beginners. Achievable, low impact results.",Body Project,2019-03-24 20:07:35+00:00,57132127,669655,28284,0.012216226,,0.011721163,0.000495063,1752,Medium Length Video,2430
At Home Core Workout | Clutch Life: Ashley Conrad's 24/7 Fitness Trainer,Bodybuilding.com,2015-07-21 19:19:53+00:00,24479047,280271,4775,0.011644489,,0.011449424,0.000195065,616,Short Video,3772
"Bowling For Soup, Punk Rock Factory, Wheatus - Endless Possibility",BowlingForSoupVEVO,2025-11-17 14:01:33+00:00,66550,13250,1108,0.215744316,,0.199095431,0.016648886,236,Short Video,0
Hate me all you want,Breaking Rust - Topic,2025-11-13 10:03:49+00:00,93438,4764,52,0.051541647,,0.050985135,0.000556513,185,Short Video,5
How much does a DATA SCIENTIST make?,Broke Brothers,2023-04-18 14:52:59+00:00,1126651,35556,327,0.031849231,,0.031558991,0.00029024,34,Short Video,944
How much does an AI ENGINEER make?,Broke Brothers,2023-05-20 11:30:11+00:00,9936719,308144,2420,0.031254176,,0.031010635,0.000243541,36,Short Video,912
The Comical World of the 287 WORST Game Reviews Ever - Caddicarus,Caddicarus,2020-05-04 01:32:29+00:00,4235246,77821,6853,0.019992695,,0.018374607,0.001618087,2407,Medium Length Video,2024
What is Machine Learning? | 100 Days of Machine Learning,CampusX,2021-03-13 16:15:53+00:00,1718265,18450,803,0.011204901,,0.010737569,0.000467332,1200,Medium Length Video,1710
Money,Cardi B - Topic,2025-11-13 01:58:33+00:00,130717,1870,15,0.014420355,,0.014305604,0.000114751,184,Short Video,5
AI-ML Engineering Vs Computer Science Engineering which one would you choose?,CareerGuide.com,2025-06-13 05:04:46+00:00,1745232,43980,656,0.025575955,2.557596927,0.025200074,0.000375881,45,Short Video,158
Everything I Say COMES TO LIFE in Steal a Brainrot!,CashBlox,2025-11-17 15:00:02+00:00,493990,7389,4660,0.024391133,,0.014957762,0.00943337,896,Short Video,0
$0 - $1 Trillion Only FISHING in Steal a Brainrot..,CaylusBlox,2025-11-17 22:57:14+00:00,1189857,16174,1827,0.015128696,,0.013593219,0.001535477,1082,Medium Length Video,0
Roblox BANNED These Games..,CaylusBlox,2024-08-07 20:39:35+00:00,19254138,328274,2569,0.017182955,,0.017049529,0.000133426,38,Short Video,467
Charli xcx - Chains of Love (Official Video),Charli xcx,2025-11-17 17:00:56+00:00,333414,33124,1778,0.104680353,,0.09934766,0.005332693,193,Short Video,0
"""what song is this again?"" Charlie Puth making Birds Of A Feather out of ""nothing""  | June 27, 2024",Charlie Puth Daily Updates,2024-06-28 05:27:28+00:00,2521296,176563,957,0.070408207,,0.07002864,0.000379567,59,Short Video,508
Chibi Reacts to The Super Mario Galaxy movie Trailer!,chibidoki,2025-11-17 19:01:04+00:00,98459,7025,418,0.07559415,,0.071348771,0.004245379,415,Short Video,0
What life in Afghanistan is like in 2023 #afghanistan #taliban #travelvlog #afghan,Chloe Jade Travels,2023-03-13 19:58:18+00:00,21728303,0,61444,0.002827832,,0,0.002827832,60,Short Video,980
Sam Altman Shows Me GPT 5... And What's Next,Cleo Abram,2025-08-08 00:09:36+00:00,4190019,92871,9063,0.024327808,,0.022164811,0.002162997,3907,Medium Length Video,102
Power of CSS üòç #csstutorial #codinglover #coder #codingshortvideo #viral #trading,Code with Patel,2024-06-17 04:30:19+00:00,6002238,283396,2207,0.047582744,4.758275163,0.047215048,0.000367696,14,Short Video,519
Machine Learning Tutorial Python -1: What is Machine Learning?,codebasics,2018-06-30 21:31:22+00:00,1594904,16731,270,0.010659569,1.065957575,0.01049028,0.000169289,411,Short Video,2697
Coding - Expectation vs Reality | Programming - Expectation vs Reality | Codeiyapa #Shorts,Codeiyapa,2021-04-03 11:44:08+00:00,24690677,1119932,7478,0.045661363,,0.045358495,0.000302867,38,Short Video,1689
Learn web development as an absolute beginner,Coder Coder,2019-11-24 22:38:49+00:00,3132228,159848,3873,0.052269805,5.226982199,0.051033306,0.0012365,777,Short Video,2185
How to become a Data Analyst? | Complete Roadmap for Data Analystüî•,CodeWithHarry,2024-07-16 11:30:17+00:00,1389516,46894,1590,0.0348927,3.489272524,0.033748418,0.001144283,920,Short Video,489
How to confuse a Python Developer?,CodeWithHarry,2022-05-11 17:00:09+00:00,3981007,89440,1251,0.022780914,2.27809195,0.022466672,0.000314242,15,Short Video,1286
HTML Tutorial: Installing VS Code & Live Server | Web Development Tutorials #2,CodeWithHarry,2019-12-25 14:30:02+00:00,4497660,122886,4231,0.028262913,2.826291894,0.027322201,0.000940711,1070,Medium Length Video,2154
Installing VS Code & How Websites Work | Sigma Web Development Course - Tutorial #1,CodeWithHarry,2023-09-26 14:39:53+00:00,6385911,157559,38775,0.030744865,3.074486945,0.024672905,0.00607196,1880,Medium Length Video,783
"Introduction to HTML, CSS, JavaScript & How websites work? | Web Development Tutorials #1",CodeWithHarry,2019-12-25 08:12:47+00:00,8585440,217065,17155,0.027281068,2.728107121,0.025282918,0.00199815,1107,Medium Length Video,2155
Introduction to Programming & Python | Python Tutorial - Day #1,CodeWithHarry,2022-11-28 11:30:03+00:00,10624609,248480,31781,0.026378474,2.637847661,0.023387211,0.002991263,710,Short Video,1085
Python Tutorial For Beginners in Hindi | Complete Python Course üî•,CodeWithHarry,2024-06-16 05:36:24+00:00,15268966,315818,41749,0.023417891,2.341789221,0.020683652,0.002734239,39235,Long Video,520
Some Amazing Python Programs - The Power of Python | Python Tutorial - Day #2,CodeWithHarry,2022-11-29 11:30:07+00:00,3411172,77142,3189,0.023549377,2.35493842,0.022614508,0.000934869,518,Short Video,1084
What is Data Science?,CodeWithHarry,2021-06-07 16:00:33+00:00,1909497,64869,1540,0.034778251,3.477826883,0.033971756,0.000806495,390,Short Video,1624
"100-Day Roadmap to Master #pythonprogramming  #javaprogramming , and #javascript",Coding With Sagar,2024-08-11 11:09:23+00:00,3340615,193262,1962,0.058439521,,0.057852205,0.000587317,61,Short Video,463
Python Full Course For Beginners [Tutorial] 2023 | Python One Shot | College Wallah,College Wallah,2023-09-24 13:30:12+00:00,2478113,53827,1437,0.02230083,,0.021720954,0.000579876,41934,Long Video,785
Sheer Khurma Recipe | Special Eid Recipe | Sweet Dish | Cooking CH,Cooking CH,2024-04-08 02:49:15+00:00,74141865,2013487,5470,0.027230998,,0.02715722,7.38E-05,58,Short Video,589
"14 Amazing Potato Recipes!! Collections ! French Fries , Potato Chip , Potato Snack, Potato Sticks",Cooking Lee's,2022-12-12 12:30:30+00:00,34965480,314636,4713,0.009133265,,0.008998475,0.00013479,3085,Medium Length Video,1071
Delicious Street Food Recipes - Satisfying Food Ideas #Shorts,Cooking Little,2022-04-15 13:03:51+00:00,50321955,1000759,2106,0.019928975,,0.019887124,4.19E-05,34,Short Video,1312
Web Developer's Life be Like!,Copper Digital,2022-11-22 12:28:42+00:00,5143180,88139,776,0.017287939,,0.01713706,0.000150879,9,Short Video,1091
Python OOP Tutorial 1: Classes and Instances,Corey Schafer,2016-06-20 17:00:03+00:00,4829674,123109,3876,0.026292659,,0.025490121,0.000802538,924,Short Video,3437
Python Tutorial for Beginners 1: Install and Setup for Mac and Windows,Corey Schafer,2017-05-17 15:30:00+00:00,3912372,46350,1383,0.012200524,,0.01184703,0.000353494,929,Short Video,3106
Friday Night Funkin: The Lost Episode,CoryxKenshin,2025-11-16 20:05:03+00:00,2137798,233435,22070,0.119517784,,0.109194082,0.010323702,2155,Medium Length Video,1
Hace Tiempo En El Gabacho,Cris Mejia - Topic,2025-11-14 04:53:21+00:00,36443,600,24,0.01712216,,0.016463615,0.000658545,203,Short Video,4
Python Tutorial for Absolute Beginners #1 - What Are Variables?,CS Dojo,2017-12-26 14:57:53+00:00,9361587,203407,8573,0.022643594,,0.021727831,0.000915763,1478,Medium Length Video,2883
30 mins BEGINNERS Workout | Lose 3-5 kgs in 1 month | BOLLYWOOD Dance Fitness Workout # 25,DanceWithDeepti,2020-11-02 02:00:00+00:00,36212162,523837,22553,0.015088577,,0.014465775,0.000622802,1787,Medium Length Video,1842
How Benny Blanco Made The Biggest Songs in The World,Daniel Wall,2025-03-16 18:00:16+00:00,3694754,138328,5860,0.03902505,,0.037439018,0.001586032,4854,Medium Length Video,246
Why Timbaland is The Greatest Music Producer of All Time,Daniel Wall,2024-10-01 01:00:27+00:00,8252329,262874,1773,0.032069367,,0.031854519,0.000214848,37,Short Video,413
Top War Ads review New Level 615 Update:gameplay #game #gaming #gameplay #popular #gamingapp #shorts,Danish Gamerz,2025-08-25 10:31:51+00:00,9386124,35500,23,0.003784629,,0.003782178,2.45E-06,33,Short Video,84
What The Hell Is Disney Doing With Moana??,DazzReviews,2025-11-18 01:26:26+00:00,41756,2061,423,0.059487032,,0.049356994,0.010130038,1054,Medium Length Video,0
RIRIN D A - TOMBO KANGEN (OFFICIAL LIVE MUSIC VIDEO) | DC PRODUCTION,DC. PRODUCTION,2025-06-03 09:00:11+00:00,2944206,9725,1089,0.003672975,,0.003303097,0.000369879,314,Short Video,168
Belajar Membuat WEBSITE Dari 0 Sampai Di PUBLISH Untuk Pemula,Dea Afrizal,2022-07-15 01:26:15+00:00,3844534,109166,4936,0.029679012,,0.028395112,0.0012839,6935,That's still bit long!,1222
A Police Fine In Thailand #thailand #travel #vlog,Dean McGarry,2025-01-11 10:15:26+00:00,8809956,451715,6610,0.052023523,,0.051273236,0.000750287,64,Short Video,311
The Truth about Artificial Intelligence and ChatGPT | Dhruv Rathee,Dhruv Rathee,2023-07-16 15:05:29+00:00,13034740,524968,31504,0.04269145,4.269145376,0.040274525,0.002416926,1357,Medium Length Video,855
How AI is Changing the World!,Dhruv Rathee Shorts,2023-07-22 12:33:53+00:00,6188894,409833,2364,0.066602681,,0.066220707,0.000381974,60,Short Video,849
"Unboxing the $22,000 Emirates FIRST Class!",Dhruv Rathee Vlogs,2023-01-11 16:20:00+00:00,9473272,158788,5546,0.01734712,,0.016761683,0.000585437,919,Short Video,1041
Dinosaur Game Ads Review 73 All Levels: Thrilling Survival in a Prehistoric World,Dino Review,2024-12-03 08:00:02+00:00,1578986,4419,6,0.00280243,,0.00279863,3.80E-06,918,Short Video,350
Moana | Official Teaser,Disney,2025-11-17 17:00:47+00:00,2776847,26801,6684,0.012058636,,0.009651591,0.002407046,60,Short Video,0
The best PRODUCER TAG‚Äôs in hip-hop! How many do you know? ü§î,DJ Precise,2024-03-18 17:45:23+00:00,4257536,230319,4891,0.055245556,,0.05409677,0.001148786,60,Short Video,609
Sigma #bek_zufarr #workout #motivation #sigma #workoutmotivation,–ó—É—Ñ–∞—Ä –ë–µ–∫,2024-01-28 12:03:32+00:00,328933013,10879340,8347,0.033100013,,0.033074637,2.54E-05,17,Short Video,659
weight loss exercises at home#yoga #weightloss #fitnessroutine #short,Do1Fit,2024-01-15 03:00:19+00:00,44118265,602427,1259,0.013683357,,0.01365482,2.85E-05,6,Short Video,673
Pharrell was TOO High to Produce Stevie Wonder ü§£,Drum Plant,2024-12-06 21:04:41+00:00,5808651,393931,1203,0.068025077,,0.067817972,0.000207105,51,Short Video,346
Things I Learned in The Philippines (Part 2)! #travel #travelvlog #philippines #filipino,Dude Abroad,2024-01-22 04:57:31+00:00,17026008,0,13173,0.000773699,,0,0.000773699,56,Short Video,666
2025 Humanoid Robot Exhibition Beyond Imagination #IRC #aiart,ÎØ∏Ïú† (MIUU AI) Î£©Î∂Å SPORTS LOOKBOOK AI„É´„ÉÉ„ÇØ„Éñ„ÉÉ„ÇØ,2025-06-08 13:02:22+00:00,26966112,168947,1321,0.006314147,,0.00626516,4.90E-05,13,Short Video,162
How to Operate a Portable Mini Sewing Machine FHSM 505 - NEX Sewing Machine,Easy Sewing for Beginners,2020-09-09 09:15:24+00:00,2843275,54293,2975,0.020141555,,0.019095227,0.001046328,900,Short Video,1896
Artificial Intelligence Full Course | Artificial Intelligence Tutorial for Beginners | Edureka,edureka!,2019-06-02 08:53:49+00:00,4686811,88593,982,0.019112138,,0.018902614,0.000209524,17571,Long Video,2361
Data Science Full Course - Learn Data Science in 10 Hours | Data Science For Beginners | Edureka,edureka!,2019-08-18 08:30:02+00:00,4548678,90600,752,0.020083193,,0.019917871,0.000165323,37437,Long Video,2284
Machine Learning Full Course - Learn Machine Learning 10 Hours | Machine Learning Tutorial | Edureka,edureka!,2019-09-22 08:30:00+00:00,3517098,61981,1346,0.018005464,,0.017622762,0.000382702,34712,Long Video,2249
Web Development Full Course - 10 Hours | Web Development Course Roadmap 2024 | Edureka,edureka!,2019-07-28 08:30:00+00:00,6077042,123783,873,0.020512608,,0.020368952,0.000143655,37222,Long Video,2305
HOW TO: Setup a Home Music Studio for Beginners (2025),Edward Smith,2022-02-01 16:00:21+00:00,2478492,78947,1549,0.0324778,,0.031852823,0.000624977,774,Short Video,1385
30 MIN WALKING CARDIO WORKOUT | Intense Full Body Fat Burn at Home ~ Emi,emi wong,2022-02-27 13:49:54+00:00,40390789,618691,10444,0.015576199,,0.015317626,0.000258574,1817,Medium Length Video,1359
28 Minute Full Body Workout To Get In Shape - Do This Workout Every Evening | EMMA Fitness,EMMA Fitness,2021-07-28 15:00:12+00:00,45024085,437519,3778,0.009801354,,0.009717443,8.39E-05,1548,Medium Length Video,1573
Easy Exercise To Lose Belly Fat At Home For Beginners - 35 Mins Aerobic Workout | EMMA Fitness,EMMA Fitness,2020-10-21 15:00:13+00:00,84806548,1046266,14778,0.012511345,,0.01233709,0.000174255,1943,Medium Length Video,1853
Music Producer Reacts to Doom Eternal,Emma Young,2023-04-18 19:11:29+00:00,10383837,349122,5166,0.034119176,,0.033621672,0.000497504,15,Short Video,944
Web Design for Beginners | FREE COURSE,Envato Tuts+,2022-04-13 15:00:14+00:00,3905223,111386,1648,0.028944306,,0.028522308,0.000421999,19124,Long Video,1314
Mastering HTML Basics and Beyond | Your Ultimate Guide to Begin Web Development üíª in Tamil | EMC,Error Makes Clever,2023-08-08 12:36:00+00:00,2947915,66838,2969,0.023680118,,0.022672966,0.001007152,5978,That's still bit long!,832
Python Tutorial - Python Full Course for Beginners in Tamil,Error Makes Clever,2023-06-29 12:34:28+00:00,6547398,157040,5735,0.024861017,,0.023985097,0.00087592,34684,Long Video,872
Struggling with Python programming? Learn it in a  Simplest way #shorts #pythonprogramming,Error Makes Clever,2023-06-27 11:54:10+00:00,7469673,418527,1305,0.056204862,,0.056030156,0.000174706,61,Short Video,874
The Fastest Weight Loss Exercise - Fat Burning by Aerobic Workout (Once a Day) | Eva Fitness,Eva Fitness,2020-05-19 13:00:12+00:00,47487031,485722,10346,0.010446389,,0.010228519,0.00021787,1824,Medium Length Video,2008
Ai Is Only Dangerous For Ai,Facts' Mine,2025-02-03 03:31:00+00:00,9734984,721500,981,0.074214906,,0.074114136,0.000100771,40,Short Video,288
FINALLY! India Begins 'COMPULSORY' AI Education in Schools! #shorts,FactTechz,2025-10-18 00:30:02+00:00,8551072,437735,3378,0.05158569,,0.051190652,0.000395038,59,Short Video,31
INDIA is Literally CRAZY in AI USAGE - World's BIGGEST AI Company CEO Says #shorts,FactTechz,2025-04-09 23:29:00+00:00,6713010,430693,3362,0.064658765,,0.064157946,0.000500818,55,Short Video,222
Back in the days #musicproducer #flstudio #musicproduction,finley.mp3,2025-05-27 11:22:57+00:00,21098627,478174,3136,0.022812384,,0.022663749,0.000148635,10,Short Video,174
YouTube chopping??? #flstudio #musicproduction #sampletypebeat,finley.mp3,2025-01-03 00:45:59+00:00,22210845,1045603,9399,0.047499406,,0.047076235,0.000423172,11,Short Video,319
KAROL G - PROVENZA (Letra/Lyrics),FirePlay,2025-11-16 14:48:58+00:00,234277,406,4,0.001750058,,0.001732984,1.71E-05,207,Short Video,1
How to OVER Engineer a Website // What is a Tech Stack?,Fireship,2021-09-24 14:41:18+00:00,2866314,119805,3046,0.042860258,,0.041797569,0.001062689,680,Short Video,1515
Python in 100 Seconds,Fireship,2021-10-25 15:19:28+00:00,2951571,114053,1795,0.039249593,,0.038641443,0.000608151,144,Short Video,1484
the untold history of web development,Fireship,2023-12-20 23:50:43+00:00,4985330,285142,3966,0.057991736,,0.057196202,0.000795534,54,Short Video,698
20 Min Full Body Workout Routine for Beginners (Follow Along) | No Gym,Fit Tuber,2020-09-18 13:30:00+00:00,20357344,493213,16339,0.025030376,,0.024227766,0.00080261,1225,Medium Length Video,1886
10 Minute Abs Workout - Fitness Blender Abs and Obliques Routine,FitnessBlender,2013-03-01 15:12:56+00:00,21867945,119337,77,0.005460687,,0.005457165,3.52E-06,631,Short Video,4644
Brutal HIIT Ladder Workout - 20 Minute HIIT Workout at Home,FitnessBlender,2012-10-24 14:20:11+00:00,21202488,165337,482,0.007820733,,0.007798,2.27E-05,1245,Medium Length Video,4772
Fat Burning Cardio Workout - 37 Minute Fitness Blender Cardio Workout at Home,FitnessBlender,2013-04-26 14:39:31+00:00,75500996,611008,1791,0.008116436,,0.008092714,2.37E-05,2230,Medium Length Video,4588
Figma tutorial for Beginners: Complete Website from Start to Finish,Flux Academy,2022-05-20 18:00:05+00:00,2961361,62725,1363,0.021641393,,0.021181132,0.000460261,2601,Medium Length Video,1277
Learn Web Design For Beginners - Full Course,Flux Academy,2024-02-02 12:00:44+00:00,3801506,79205,1850,0.021321807,,0.020835158,0.000486649,11251,Long Video,654
Hyderabadi Khagina | Celebrity Recipes | Food Prescription #shorts #youtubeshorts,Food Prescription,2025-02-10 15:30:18+00:00,44417159,806282,2663,0.018212443,,0.018152489,6.00E-05,54,Short Video,280
Intro a Data Science con Python Desde Cero,Frank Andrade,2021-12-28 17:00:46+00:00,1074896,13857,270,0.013142655,,0.012891468,0.000251187,13892,Long Video,1420
12 Beginner Python Projects - Coding Course,freeCodeCamp.org,2020-12-09 16:03:12+00:00,4809354,123225,2370,0.026114728,2.611473391,0.025621939,0.00049279,10829,Long Video,1804
Build 12 Data Science Apps with Python and Streamlit - Full Course,freeCodeCamp.org,2021-01-07 15:24:06+00:00,1336420,32009,538,0.024353853,2.435387079,0.023951285,0.000402568,11512,Long Video,1775
"Data Analysis with Python - Full Course for Beginners (Numpy, Pandas, Matplotlib, Seaborn)",freeCodeCamp.org,2020-04-15 13:19:55+00:00,3955940,79316,1074,0.020321334,2.032133956,0.020049844,0.00027149,15733,Long Video,2042
"Frontend Web Development Bootcamp Course (JavaScript, HTML, CSS)",freeCodeCamp.org,2022-08-24 13:07:36+00:00,3461568,98513,2028,0.029044922,2.904492993,0.02845906,0.000585861,76482,Long Video,1181
"Full Stack Web Development for Beginners (Full Course on HTML, CSS, JavaScript, Node.js, MongoDB)",freeCodeCamp.org,2022-11-01 16:39:15+00:00,2940155,67114,1405,0.023304546,2.330455367,0.02282668,0.000477866,26952,Long Video,1112
HTML Tutorial - How to Make a Super Simple Website,freeCodeCamp.org,2018-04-25 16:57:22+00:00,4067688,84097,2444,0.021275225,2.127523055,0.020674393,0.000600833,2004,Medium Length Video,2763
Intermediate Python Programming Course,freeCodeCamp.org,2020-08-27 17:23:03+00:00,4226422,89483,1965,0.02163721,2.163721465,0.021172277,0.000464932,21347,Long Video,1908
Learn Data Science Tutorial - Full Course for Beginners,freeCodeCamp.org,2019-05-30 12:48:19+00:00,4231800,87338,1383,0.020965305,2.096531027,0.020638494,0.000326811,21129,Long Video,2363
Learn HTML ‚Äì Full Tutorial for Beginners,freeCodeCamp.org,2022-03-08 16:34:38+00:00,3975980,71697,2399,0.018635904,1.863590863,0.018032531,0.000603373,14850,Long Video,1350
Learn Python - Full Course for Beginners [Tutorial],freeCodeCamp.org,2018-07-11 18:00:42+00:00,48004241,1108112,45864,0.024039042,2.403904272,0.023083627,0.000955416,16012,Long Video,2686
Machine Learning Course for Beginners,freeCodeCamp.org,2021-08-30 13:23:10+00:00,1933887,55410,1397,0.029374504,2.937451878,0.028652125,0.000722379,35539,Long Video,1540
Python Backend Web Development Course (with Django),freeCodeCamp.org,2021-07-01 16:51:03+00:00,2585150,57094,1185,0.022543751,2.254375955,0.022085364,0.000458387,36712,Long Video,1600
"Python for Data Science - Course for Beginners (Learn Python, Pandas, NumPy, Matplotlib)",freeCodeCamp.org,2020-06-02 14:05:17+00:00,4567664,98284,1704,0.021890397,2.189040175,0.02151734,0.000373057,44392,Long Video,1994
Python for Everybody - Full University Python Course,freeCodeCamp.org,2019-05-02 12:05:54+00:00,7487045,194245,5044,0.026617841,2.661784456,0.025944144,0.000673697,49210,Long Video,2391
Statistics - A Full University Course on Data Science Basics,freeCodeCamp.org,2019-06-12 14:59:55+00:00,3554003,77271,1156,0.022067223,2.206722954,0.021741956,0.000325267,29704,Long Video,2350
TensorFlow 2.0 Complete Course - Python Neural Networks for Beginners Tutorial,freeCodeCamp.org,2020-03-03 15:44:00+00:00,3402554,72326,1991,0.021841528,2.184153433,0.021256379,0.000585149,24728,Long Video,2085
Top War Ads Review New Level 320 Update: Battle Game #games #gameplay #gaming,Game Ads,2025-04-25 08:00:21+00:00,17134811,89707,92,0.005240734,,0.005235365,5.37E-06,42,Short Video,207
20 LEGENDARY Games Worth Revisiting in 2025,gameranx,2025-07-05 14:30:45+00:00,1646626,29619,2078,0.019249654,,0.01798768,0.001261974,2090,Medium Length Video,135
Arc Raiders - Before You Buy,gameranx,2025-10-31 21:57:47+00:00,1218921,28356,3146,0.025844148,,0.023263178,0.002580969,854,Short Video,17
Game of The Year 2025 is Going To Be A RIDICULOUS Fight,gameranx,2025-09-17 16:46:31+00:00,1596531,33624,7932,0.026028918,,0.021060649,0.004968269,1155,Medium Length Video,61
Ghost of Yotei - Before You Buy,gameranx,2025-09-25 21:41:42+00:00,1366391,45978,9598,0.04067354,,0.033649202,0.007024339,796,Short Video,53
25 Perfect 10/10 Games You MUST Play,GameVerseChamp,2024-10-19 12:00:47+00:00,3719493,44677,2769,0.012756036,,0.01201158,0.000744456,1892,Medium Length Video,394
AI vs ML vs DL vs DS: What's the Difference?,GeeksforGeeks,2025-01-25 03:30:15+00:00,1335691,55591,146,0.041728932,,0.041619625,0.000109307,62,Short Video,297
God Tier Steam Games,Get To It,2024-07-06 22:40:41+00:00,2369793,56007,2561,0.024714384,,0.0236337,0.001080685,684,Short Video,499
How to Learn to Code,Gohar Khan,2025-07-09 19:17:24+00:00,5180273,217927,2819,0.042612804,,0.042068624,0.00054418,73,Short Video,131
Data Science for Beginners | Google Advanced Data Analytics Certificate,Google Career Certificates,2023-04-06 17:00:03+00:00,1928768,1785,91,0.000972641,,0.000925461,4.72E-05,5935,That's still bit long!,956
The Truth About Game Review,GothamChess,2023-06-21 19:20:00+00:00,1726605,52955,1676,0.031640687,,0.030669997,0.00097069,1403,Medium Length Video,880
Black Forest Cake #shorts,Great Indian Asmr,2023-12-20 12:14:05+00:00,139348543,5235613,10157,0.037644957,,0.037572068,7.29E-05,59,Short Video,698
Data Science Course for Beginners (11 Hours Data Science Tutorial),Great Learning,2020-02-03 12:56:37+00:00,1006830,29330,511,0.029638539,,0.029131006,0.000507533,40167,Long Video,2114
Python for Data Science Full Course | Data Science Tutorials for Beginners in 2022 | Great Learning,Great Learning,2021-03-07 06:31:52+00:00,1284953,29330,838,0.023477883,,0.02282572,0.000652163,36728,Long Video,1717
How To Make Website Using HTML & CSS | Full Responsive Multi Page Website Design Step by Step,GreatStack,2021-03-15 14:00:12+00:00,7088755,148681,5017,0.021681943,,0.020974202,0.000707741,4319,Medium Length Video,1708
Place On Earth That Don't Feel Real #travel #explore #expectations #adventure #shorts,Green Cinematic,2025-01-11 01:30:34+00:00,22752407,294159,494,0.012950409,,0.012928697,2.17E-05,18,Short Video,311
25 MIN FULL BODY HIIT for Beginners - No Equipment - No Repeat Home Workout,growingannanas,2023-03-13 02:00:07+00:00,24924259,391768,10748,0.016149567,,0.01571834,0.000431226,1699,Medium Length Video,981
Do This Every Morning 20 min (low impact) full-body workout,growwithjo,2021-07-03 15:00:11+00:00,20177698,401502,13868,0.020585598,,0.019898305,0.000687293,1339,Medium Length Video,1598
IT: Welcome to Derry | Midseason Trailer | HBO Max,HBO Max,2025-11-17 03:00:38+00:00,599589,24027,1424,0.042447339,,0.040072383,0.002374956,94,Short Video,1
Full Body Warm-Up Routine for an Energizing Workout! #anatoly #workout #funny #fitness  #gym #prank,HealthPlus Tips,2023-07-22 18:04:22+00:00,70925521,915432,2449,0.012941477,,0.012906948,3.45E-05,28,Short Video,849
"IT Welcome To Derry Episode 5 Trailer | Mid-Season Teaser Breakdown, Hidden Details & Easter Eggs",Heavy Spoilers,2025-11-17 12:00:55+00:00,76944,2938,350,0.042731821,,0.038183118,0.004548704,878,Short Video,0
"HOW CHARLIE PUTH PRODUCED ""LIGHT SWITCH"" #charlieputh  #musicproducer",HOW SONGS ARE PRODUCED,2024-11-18 21:10:32+00:00,61537555,1843010,5019,0.030030913,,0.029949353,8.16E-05,65,Short Video,364
"How Charlie Puth Produced The Kid LAROI, Justin Bieber - ""STAY""",HOW SONGS ARE PRODUCED,2024-08-06 14:20:31+00:00,6973645,249474,753,0.035881804,,0.035773826,0.000107978,38,Short Video,468
Why are Game Journalists So Bad at Videogames,Htwo,2023-10-13 14:00:44+00:00,1731807,58795,3636,0.036049608,,0.033950068,0.00209954,666,Short Video,766
Castlevania Series Retrospective | A Complete History and Review,I Finished A Video Game,2022-12-03 18:31:11+00:00,2413405,47065,7771,0.022721415,,0.019501485,0.003219931,26436,Long Video,1080
"AI, Machine Learning, Deep Learning and Generative AI Explained",IBM Technology,2024-08-05 11:00:52+00:00,2471570,58941,1511,0.024458937,,0.023847585,0.000611352,601,Short Video,469
Clair Obscur: Expedition 33 Review,IGN,2025-04-23 09:00:23+00:00,1220485,16187,2947,0.015677361,,0.013262749,0.002414612,1068,Medium Length Video,209
Elden Ring Review,IGN,2022-02-23 15:00:00+00:00,5597720,108144,6624,0.02050263,,0.019319291,0.001183339,721,Short Video,1363
Red Dead Redemption 2 Review,IGN,2018-10-25 10:58:25+00:00,6691733,116567,13649,0.019459231,,0.017419551,0.002039681,440,Short Video,2580
Stray Review,IGN,2022-07-18 16:00:53+00:00,2371910,44476,2244,0.019697198,,0.018751125,0.000946073,481,Short Video,1218
Data Engineer vs Data Scientist #shorts,Income Interviews,2023-06-13 18:35:43+00:00,1889198,63727,423,0.03395619,,0.033732285,0.000223904,60,Short Video,888
Anda Tawa Fry ASMR Cooking || #food #cooking #shorts #indianasmrworld #nonveg #egg,Indian ASMR World,2023-12-12 07:27:00+00:00,93090333,3210440,3796,0.034528139,,0.034487361,4.08E-05,53,Short Video,707
Angara Chicken ASMR Cooking || #shorts #indianasmrworld #recipe #asmr #nonveg #chicken #streetfood,Indian ASMR World,2024-06-24 12:10:00+00:00,51749794,1877589,2245,0.036325439,,0.036282057,4.34E-05,54,Short Video,511
Dhaba Style Egg Curry ASMR Cooking | #shorts #food #cooking #recipe #eggcurry #egg #nonveg #viral,Indian ASMR World,2023-04-25 07:30:05+00:00,114431962,3418128,4068,0.029905945,,0.029870396,3.55E-05,52,Short Video,938
Street Style Ragda Pani Puri ASMR Cooking || #shorts #food #cooking #asmr #recipe #indianasmrworld,Indian ASMR World,2025-05-18 08:26:00+00:00,91421560,1161963,1064,0.012721583,,0.012709945,1.16E-05,57,Short Video,184
All Machine Learning algorithms explained in 17 min,Infinite Codes,2024-09-17 08:57:32+00:00,1568337,59865,553,0.038523584,,0.038170981,0.000352603,990,Short Video,427
Learn Machine Learning Like a GENIUS and Not Waste Time,Infinite Codes,2024-11-14 15:44:06+00:00,1066052,66417,704,0.06296216,,0.06230178,0.00066038,903,Short Video,368
Elon Musk on A.i | Sophia the humanoid Robot ü§ñ,Inspiring Codes,2023-04-30 20:07:12+00:00,6970615,0,4509,0.000646858,,0,0.000646858,19,Short Video,932
I wish I knew these tips when I started,Jamjoo Beats,2024-09-19 20:56:25+00:00,6060770,429421,1832,0.071154809,,0.070852537,0.000302272,40,Short Video,424
"Jax Jones - Instruction ft. Demi Lovato, Stefflon Don",JaxJonesVEVO,2017-08-02 15:00:02+00:00,177942162,1638800,30054,0.009378632,,0.009209734,0.000168898,178,Short Video,3029
99% of Beginners Don't Know the Basics of AI,Jeff Su,2024-09-03 13:00:49+00:00,2525385,56497,1885,0.02311805,,0.02237163,0.000746421,612,Short Video,440
Real life Vs AI. Part 11,Jiemba Sands,2025-07-31 13:45:00+00:00,12370553,295909,841,0.023988416,,0.023920432,6.80E-05,17,Short Video,109
Dhurandhar Official Trailer | Ranveer Singh | Aditya Dhar | In Cinemas 5th December 2025,JioStudios,2025-11-18 06:50:49+00:00,1458727,108666,9231,0.080821784,,0.074493668,0.006328116,248,Short Video,0
Fine Chiki,JNR VIGI - Topic,2025-11-07 06:58:26+00:00,79628,2581,76,0.033367241,,0.032412814,0.000954426,222,Short Video,11
What REALLY is Data Science? Told by a Data Scientist,Joma Tech,2018-06-23 01:51:50+00:00,4089855,154299,3757,0.038645859,,0.037727245,0.000918614,633,Short Video,2705
20 Minute Full Body Cardio HIIT Workout [NO REPEAT],Juice & Toya,2021-10-13 23:30:10+00:00,28514756,628297,9311,0.022360632,,0.0220341,0.000326533,1743,Medium Length Video,1496
Beating Clubstep in 1 day,Jynxzi,2025-11-18 01:33:46+00:00,287960,5385,200,0.019394988,,0.018700449,0.000694538,9977,That's still bit long!,0
12 HOUR ROAD TRIP WITH MY BOYFRIENDüòÖ #shorts #college #travel #traveling #roadtrip #relationship,Katie Feeney,2023-12-05 19:28:59+00:00,23952429,963035,3016,0.040332067,,0.04020615,0.000125916,57,Short Video,713
"Steal A Brainrot, But Everything I Touch Turns OWNER..",KAYE,2025-11-17 22:00:51+00:00,306602,5306,2056,0.024011507,,0.017305767,0.00670574,1046,Medium Length Video,0
I Expanded Memes Using Artificial Intelligence...,KingSammelot,2023-11-18 16:00:22+00:00,4237409,69330,9228,0.018539155,,0.016361409,0.002177745,1283,Medium Length Video,730
AI VS ML VS DL VS Data Science,Krish Naik,2019-11-26 14:40:58+00:00,2959071,70501,1783,0.024427929,2.442793701,0.023825375,0.000602554,585,Short Video,2183
Complete Machine Learning In 6 Hours| Krish Naik,Krish Naik,2022-05-28 04:37:31+00:00,1625900,26723,655,0.016838664,1.683867397,0.01643581,0.000402854,23872,Long Video,1270
Complete Statistics For Data Science In 6 hours By Krish Naik,Krish Naik,2022-06-19 04:28:36+00:00,1694458,31695,869,0.019217933,1.921794462,0.018705085,0.000512848,19712,Long Video,1248
Kronos_StyleKumul - Daddy Raus (Official Music Video),KronosStyleKumuVEVO,2025-11-10 14:47:48+00:00,27907,681,36,0.025691558,,0.024401605,0.001289953,257,Short Video,7
AI Slop Is Destroying The Internet,Kurzgesagt ‚Äì In a Nutshell,2025-10-07 14:00:17+00:00,8567809,724455,35714,0.08872384,,0.084555446,0.004168393,734,Short Video,41
Pro Music Producer goes Undercover in a Beat Battle,Kyle Beats,2024-11-23 16:11:21+00:00,4944620,132326,6882,0.028153422,,0.026761606,0.001391815,2004,Medium Length Video,359
Artificial Intelligence: Last Week Tonight with John Oliver (HBO),LastWeekTonight,2023-02-27 07:30:08+00:00,11451321,204253,11346,0.018827433,,0.017836631,0.000990803,1673,Medium Length Video,995
Roc√≠o D√∫rcal - Hoy Lo Vi Pasar (Letra),Latin Love,2025-11-11 17:45:06+00:00,451946,2230,40,0.005022713,,0.004934207,8.85E-05,203,Short Video,6
Squares | HTML CSS,Learning Axis,2023-03-24 02:48:08+00:00,3206600,155055,970,0.048657441,,0.04835494,0.000302501,60,Short Video,970
Deep Learning Basics: Introduction and Overview,Lex Fridman,2019-01-11 16:47:40+00:00,2503859,46148,908,0.018793383,,0.018430743,0.00036264,4086,Medium Length Video,2502
LGR - Elder Scrolls: Daggerfall - DOS PC Game Review,LGR,2014-07-18 05:13:04+00:00,1821586,33273,2073,0.019403959,,0.018265941,0.001138019,774,Short Video,4141
Apple Intelligence vs Galaxy Ai‚ú® #Shorts,lifegoodd,2024-11-06 16:31:00+00:00,7999377,0,2756,0.000344527,,0,0.000344527,19,Short Video,376
i have a vision ‚òùÔ∏èjoin my calisthenics beginner challenge - link in bio! #gym #fitness #workout,LilBigNanc,2024-07-11 16:12:32+00:00,30764445,2146545,4109,0.069907126,,0.069773563,0.000133563,11,Short Video,494
This BINGHULU recipe is surprisingly delightful!,Little Remy Food üê≠üçù,2024-08-24 20:17:57+00:00,66731938,2197367,4455,0.032995025,,0.032928265,6.68E-05,20,Short Video,450
Cheap vs expensive burrito #cooking #food #foodasmr #recipe,Louis Gantus,2024-02-27 20:00:25+00:00,38395471,0,6193,0.000161295,,0,0.000161295,57,Short Video,629
Is Minecraft food any good #cooking #food #foodasmr #recipe,Louis Gantus,2024-03-02 19:58:27+00:00,59157893,0,10323,0.000174499,,0,0.000174499,52,Short Video,625
The end of an era #cooking #food #foodasmr #recipe,Louis Gantus,2024-03-18 19:05:08+00:00,37636490,0,18559,0.000493112,,0,0.000493112,46,Short Video,609
Kitkat Shakeüç´ü•§ #recipe #cooking #streetfood #eveningsnacks #foodie #indianfood #food #shorts,Loveneet Valecha,2025-05-14 07:30:08+00:00,122654238,1077520,2355,0.008804221,,0.00878502,1.92E-05,20,Short Video,188
Momos ü•üüòç #recipe #cooking  #indianfood #eveningsnacks #streetfood #youtubeshorts,Loveneet Valecha,2025-03-02 06:40:51+00:00,55225868,857130,1928,0.015555355,,0.015520444,3.49E-05,29,Short Video,261
I Ranked Every Viral Roblox Game,Ludwin,2025-11-17 20:00:43+00:00,259679,9856,716,0.040711645,,0.037954405,0.00275724,2886,Medium Length Video,0
Excel for Data Analytics - Full Course for Beginners,Luke Barousse,2024-10-14 12:01:06+00:00,1647329,42627,2162,0.027188845,,0.025876418,0.001312427,39583,Long Video,399
Python for Data Analytics - Full Course for Beginners,Luke Barousse,2024-06-07 12:01:05+00:00,1030756,28391,872,0.028389814,,0.027543834,0.00084598,40181,Long Video,528
This Is What Pure Talent Looks Like,Lutely,2025-06-23 20:35:12+00:00,14930043,306504,4436,0.020826462,,0.020529343,0.000297119,45,Short Video,147
Bring the Beat (Official Lyric Video) - Machel Montano ft. Tessanne Chin,Machel Montano,2016-07-08 12:15:27+00:00,3123293,22060,377,0.007183762,,0.007063056,0.000120706,218,Short Video,3419
"20 min Fat Burning Workout for TOTAL BEGINNERS (Achievable, No Equipment)",MadFit,2022-02-07 18:25:28+00:00,32087745,580787,14538,0.018553033,,0.018099963,0.00045307,1338,Medium Length Video,1379
The Most Embarrassing Moments in Gaming Journalism,MagicMush,2023-05-24 03:40:02+00:00,1648699,62781,6938,0.042287257,,0.038079093,0.004208164,1255,Medium Length Video,909
Dead Space Remake Review,MandaloreGaming,2023-02-17 15:47:45+00:00,1939691,46882,3562,0.026006191,,0.024169817,0.001836374,2391,Medium Length Video,1004
F.E.A.R. Review,MandaloreGaming,2017-03-24 19:02:46+00:00,3050742,52329,2376,0.017931697,,0.017152871,0.000778827,1603,Medium Length Video,3160
The Callisto Protocol Review,MandaloreGaming,2023-03-03 14:30:15+00:00,2663326,57073,4373,0.023071144,,0.021429212,0.001641931,2482,Medium Length Video,990
Apple's AI Crisis: Explained!,Marques Brownlee,2025-03-29 02:41:29+00:00,8109636,202405,14709,0.026772345,,0.024958577,0.001813768,1012,Medium Length Video,234
My Nintendo Switch 2 Review (Doesn't Matter?),Marques Brownlee,2025-07-03 19:44:30+00:00,2901157,71022,4479,0.026024436,,0.024480569,0.001543866,797,Short Video,137
OnePlus 15 Review: This is Not Normal!,Marques Brownlee,2025-11-13 14:30:53+00:00,4121402,140230,9967,0.036443172,,0.034024821,0.002418351,772,Short Video,4
exercise | exercise to lose weight fast at home | weight loss exercises at home,Master Arjun Yoga,2021-09-02 11:43:12+00:00,30534587,594369,2960,0.019562373,,0.019465434,9.69E-05,7,Short Video,1537
Full Course Web Development [22 Hours] | Learn Full Stack Web Development From Scratch,Mehul - Codedamn,2022-04-26 05:00:18+00:00,2587161,87862,1030,0.034358884,,0.033960765,0.00039812,78515,Long Video,1302
AI 2025 vs AI 2023,Meme Zee,2025-03-19 11:23:29+00:00,6662779,237323,3099,0.036084337,,0.035619216,0.000465121,8,Short Video,243
3 Levels Of Melodies - NOOB vs PRO vs GOD,Memphy,2021-12-01 12:22:33+00:00,2605023,98768,2687,0.038945898,,0.03791443,0.001031468,513,Short Video,1447
11. Introduction to Machine Learning,MIT OpenCourseWare,2017-05-19 14:22:40+00:00,1773186,25461,468,0.014622823,,0.014358892,0.000263932,3091,Medium Length Video,3104
#Micheal #Jackson and #Diana #ross #moneondabeat #music #musica #musician #musicproduction #yt,MoneOnDaBeat,2025-07-31 22:00:47+00:00,7834271,201115,4981,0.026306975,,0.025671179,0.000635796,40,Short Video,109
New Python Coders Be Like...,Mr. P Solver,2022-07-31 12:57:40+00:00,5431419,156100,3133,0.029317011,,0.028740182,0.000576829,133,Short Video,1205
"IBM Data Analyst Complete Course | Data Analyst Tutorial For Beginners,",My Lesson,2022-11-17 23:08:16+00:00,2596685,73753,851,0.028730466,,0.028402741,0.000327725,55103,Long Video,1096
Wake Up Dead Man: A Knives Out Mystery | Official Trailer | Netflix,Netflix,2025-11-17 14:00:00+00:00,1925626,34578,1248,0.018604849,,0.017956749,0.000648101,123,Short Video,0
you need to learn Python RIGHT NOW!! // EP 1,NetworkChuck,2021-08-14 17:22:45+00:00,2788724,111764,5154,0.041925253,,0.040077096,0.001848156,1062,Medium Length Video,1556
UNSEEN WONDERS | Hidden Places Even Locals Can‚Äôt Believe Exist | Travel Video 4K,New Travel Insight,2025-04-10 11:27:27+00:00,8674561,21963,1282,0.002679674,,0.002531886,0.000147788,4262,Medium Length Video,221
The Website üíÄ #designer #developer #web #shorts,NEXOS CREATOR,2025-06-14 11:13:11+00:00,14690733,187283,1135,0.012825636,,0.012748376,7.73E-05,10,Short Video,156
I can't STOP reading these Machine Learning Books!,Nicholas Renotte,2023-01-24 02:32:13+00:00,1189069,73052,250,0.061646497,,0.061436249,0.000210248,26,Short Video,1029
Top Exercises | Lose Belly Fat | Tighten Your Waist | Get Rid Of Belly Fat With Simple Exercises,NL Fitness,2023-06-18 12:00:07+00:00,30946305,563836,12137,0.018612011,,0.018219816,0.000392195,505,Short Video,883
"20 MIN CARDIO HIIT WORKOUT - ALL STANDING - Full Body, No Equipment, No Repeats",Nobadaddiction,2023-09-12 11:00:09+00:00,26611490,433723,3800,0.016441131,,0.016298335,0.000142795,1668,Medium Length Video,797
Markov Chains Clearly Explained! Part - 1,Normalized Nerd,2020-10-25 12:40:25+00:00,1689074,35117,758,0.021239436,,0.020790669,0.000448766,564,Short Video,1849
DeeBaby  - Pain Gon Come (  Official Music Video ),Official DeeBabyTV,2025-11-17 19:00:57+00:00,92297,4674,306,0.053955665,,0.050640317,0.003315348,176,Short Video,0
15 MIN HAPPY DANCE WORKOUT - burn calories and smile / No Equipment I Pamela Reif,Pamela Reif,2020-05-20 05:30:00+00:00,47753941,480302,7776,0.010220685,,0.01005785,0.000162835,866,Short Video,2008
20 MIN FULL BODY WORKOUT - Beginner Version // No Equipment I Pamela Reif,Pamela Reif,2019-09-01 10:12:36+00:00,63714019,791843,21113,0.012759452,,0.012428081,0.000331371,1315,Medium Length Video,2270
Robot Vs Human Bake Off #shorts #artificialintelligence #cake #chocolate #chatgpt,Patrick Zeinali,2022-12-12 17:06:29+00:00,98730965,3596119,11101,0.036535852,,0.036423416,0.000112437,59,Short Video,1071
BEGINNER HOME STUDIO SETUP (and why every musician needs one),Paul Davids,2021-05-14 12:50:45+00:00,2329156,86778,2288,0.038239586,,0.037257257,0.00098233,818,Short Video,1648
Squid Game Season 3 Was Bad,penguinz0,2025-06-29 01:45:08+00:00,2588611,105451,16068,0.04694369,,0.040736503,0.006207187,1173,Medium Length Video,142
Worst IGN Reviews Ever,penguinz0,2022-11-07 19:00:21+00:00,5409697,139117,7402,0.027084506,,0.025716223,0.001368283,975,Short Video,1106
FINNEAS Explains How He Builds Songs For Billie Eilish | Critical Breakthroughs | Pitchfork,Pitchfork,2020-04-22 17:00:01+00:00,3952402,179676,3985,0.046468187,,0.045459939,0.001008247,1052,Medium Length Video,2035
Ai Made In China,Plan3,2024-02-09 17:00:42+00:00,9714997,698879,3434,0.072291626,,0.071938152,0.000353474,39,Short Video,647
La Lupa | Vendetta Hero Trailer | Overwatch 2,PlayOverwatch,2025-11-17 17:00:06+00:00,597542,41742,4728,0.077768462,,0.069856061,0.007912401,215,Short Video,0
Right vs wrong exercise #fitnessmotivation,Prem Fitness Club,2023-06-09 05:17:30+00:00,31749442,358826,637,0.011321868,,0.011301805,2.01E-05,9,Short Video,893
FIRST CLASS train FOOD in India #hindi #train,Priya and Sid,2024-09-09 12:18:46+00:00,85923024,3102672,5370,0.0361724,,0.036109902,6.25E-05,60,Short Video,434
"Learn Music, Singing & Rhythm - Mr. Rob Compilation for Kids - Solfege, Rhythm, Colors, Notes",Prodigies Music Lessons,2017-05-08 18:13:43+00:00,3016946,10500,0,0.00348034,,0.00348034,0,3184,Medium Length Video,3115
HTML Tutorial for Beginners: HTML Crash Course,Programming with Mosh,2021-01-11 14:30:10+00:00,10401400,228665,6170,0.022577247,,0.021984058,0.000593189,4174,Medium Length Video,1771
Python for Beginners - Learn Coding with Python in 1 Hour,Programming with Mosh,2020-09-16 13:00:20+00:00,23108733,530447,26468,0.024099762,,0.022954395,0.001145368,3606,Medium Length Video,1888
Python Full Course for Beginners,Programming with Mosh,2019-02-18 15:00:08+00:00,46262391,1222760,61153,0.027752845,,0.026430972,0.001321873,22447,Long Video,2464
Python Full Course for Beginners [2025],Programming with Mosh,2025-02-12 12:30:31+00:00,4210215,103307,2724,0.025184219,,0.024537221,0.000646998,7341,That's still bit long!,278
Python Machine Learning Tutorial (Data Science),Programming with Mosh,2020-09-17 13:00:03+00:00,3420549,75877,1979,0.022761252,,0.02218269,0.000578562,2983,Medium Length Video,1887
How To Create A Website using HTML & CSS | Step-by-Step Tutorial,PROROZ,2021-05-16 12:06:59+00:00,5568555,86786,3148,0.016150327,,0.01558501,0.000565317,1639,Medium Length Video,1646
Banaras vlog. #minivlog #minitravelvlog #travelvideo #vlog #minitrip #travelvlog #food #tripvlog,Ravi Gupta Shorts,2024-01-30 08:50:10+00:00,11263666,484183,2584,0.043215677,,0.042986267,0.00022941,61,Short Video,658
Comic con India ! #minitravelvlog #travelvideo #lucknowdairies #travelvlog #travel #tripvlog #vlog,Ravi Gupta Shorts,2023-12-10 05:35:28+00:00,13932097,422333,2434,0.030488373,,0.030313668,0.000174704,61,Short Video,709
Egg Paratha? #shorts#shortsviral #shortsvideo #recipe,RecipeSima,2025-06-27 13:10:50+00:00,75495701,1004992,848,0.013323143,,0.01331191,1.12E-05,35,Short Video,143
Can I Survive Infinite Goblins in Gnomoria?,Reggie,2025-11-17 13:50:09+00:00,462112,36697,1699,0.083087903,,0.079411313,0.00367659,2679,Medium Length Video,0
Mischen Sie einfach 3 Eier und Kartoffeln! Dieses Gericht wird jeden sofort beeindrucken!,Rezept hub,2025-03-05 14:19:26+00:00,30967363,280127,17167,0.009600236,,0.009045878,0.000554358,944,Short Video,257
How Do People NOT Know This About Pop Music?,Rick Beato,2025-06-24 17:54:25+00:00,4029086,144209,23722,0.041679666,,0.03579198,0.005887686,551,Short Video,146
14 Days Weight Loss Challenge - Home Workout Routine,Roberta's Gym,2018-11-05 08:23:53+00:00,48667601,616714,30413,0.013296875,,0.012671962,0.000624913,1341,Medium Length Video,2570
30 Minute Morning Exercise Routine - Do This Every Day,Roberta's Gym,2020-04-01 12:37:53+00:00,22706041,225178,4498,0.010115193,,0.009917096,0.000198097,1870,Medium Length Video,2056
8 Best Exercises To Shrink Stomach Fat Fast,Roberta's Gym,2018-11-06 09:57:52+00:00,66670003,771358,21057,0.01188563,,0.011569791,0.000315839,636,Short Video,2569
Top 10 Morning Exercises To Do At Home,Roberta's Gym,2020-01-23 11:22:28+00:00,26228430,315037,6494,0.012258873,,0.012011279,0.000247594,1191,Medium Length Video,2125
"Robots Harvesting Rice Artificial Intelligence Robots can also work to harvest rice, which is grea",Robot Work 4.0,2024-10-22 00:23:55+00:00,16557591,195928,701,0.011875459,,0.011833122,4.23E-05,12,Short Video,392
"See Charlie Puth Break Down Emotional Hit Song, ""Attention""",Rolling Stone,2017-10-03 20:11:46+00:00,17356389,380304,9954,0.022484975,,0.021911469,0.000573506,395,Short Video,2967
"Romeo Santos, Drake - Odio (Letra)",SabroS√≥n,2025-11-10 23:00:21+00:00,142572,252,0,0.001767516,,0.001767516,0,226,Short Video,7
"Building a neural network FROM SCRATCH (no Tensorflow/Pytorch, just numpy & math)",Samson Zhang,2020-11-24 15:36:37+00:00,2648386,93800,1605,0.036023814,,0.035417784,0.000606029,1888,Medium Length Video,1819
Deep Learning Cars,Samuel Arzt,2016-10-23 15:48:14+00:00,11360687,81443,2768,0.007412491,,0.007168844,0.000243647,199,Short Video,3312
The Future of Artificial Intelligence By Sandeep Maheshwari | Will ChatGPT Take Your Job?,Sandeep Maheshwari,2023-05-11 06:38:09+00:00,4061251,136338,6150,0.035084747,,0.033570436,0.001514311,915,Short Video,922
TRAVIS SCOTT COOKS UP A CRAZY BEAT IN HIS HOME STUDIO! ü§Øüî• #travisscott #producer,Sauceware,2024-02-20 17:30:06+00:00,4285152,280480,2992,0.06615213,,0.065453906,0.000698225,60,Short Video,636
When You're Gone,Sean Rii - Topic,2025-11-06 10:00:03+00:00,141507,4357,268,0.032683665,,0.030789779,0.001893886,208,Short Video,12
Kadai paneer with garlic naan recipe!! #food #recipe #shorts #youtubeshorts #paneer,Secret of yum,2024-11-22 11:24:29+00:00,35651886,1061793,1453,0.029822994,,0.029782238,4.08E-05,55,Short Video,360
Korean style burger !! #food #recipe #shorts #youtubeshorts #short,Secret of yum,2025-05-30 11:52:15+00:00,54741925,1057816,1246,0.019346451,,0.01932369,2.28E-05,59,Short Video,171
Kurkure ki unique recipe!!! #food #shorts #shortvideo #youtubeshorts,Secret of yum,2025-02-18 11:00:24+00:00,35155718,792346,1306,0.022575331,,0.022538182,3.71E-05,47,Short Video,272
Momos pizza recipe!!! #food #recipe #youtubeshorts #shortvideo #shorts,Secret of yum,2024-04-10 12:20:10+00:00,41790273,1445339,1313,0.034616954,,0.034585535,3.14E-05,59,Short Video,586
Papad cone recipe !! #recipe #food #shorts #youtubeshorts,Secret of yum,2025-03-23 11:04:59+00:00,47159467,1321678,2418,0.028076992,,0.028025719,5.13E-05,59,Short Video,239
30-Minute HIIT Cardio Workout with Warm Up - No Equipment at Home | SELF,SELF,2018-05-21 16:01:33+00:00,56674475,749083,20035,0.0135708,,0.01321729,0.00035351,1731,Medium Length Video,2737
My go to Full Body Workout. No equipment. Anywhere,Senada Greca,2024-02-16 22:08:36+00:00,61911160,1476240,19737,0.024163285,,0.023844489,0.000318796,33,Short Video,640
Practical Machine Learning Tutorial with Python Intro p.1,sentdex,2016-04-11 00:18:14+00:00,2867904,28598,1023,0.010328445,,0.009971739,0.000356706,355,Short Video,3508
Beginner Vs. Expert Music Producer: Can You Hear The Difference?,Servida Music,2022-04-21 21:00:17+00:00,2491145,114123,3113,0.047061071,,0.045811446,0.001249626,413,Short Video,1306
fl studio ranked solo gameplay- diamond 2 division IV! #Reels #Music #flstudio,Servida Stream,2023-04-04 22:00:11+00:00,5053183,248258,2705,0.04966433,,0.049129024,0.000535306,61,Short Video,958
Free open source UI elements for any project #productivity #webdevelopment #webdesign #uidesign,SetupsAI,2024-12-01 10:52:28+00:00,5367300,229221,519,0.042803636,,0.04270694,9.67E-05,15,Short Video,351
Created Reptile | HTML | CSS | Javascript #youtubeshorts #trending #coding #animation #ai #learning,Shivin tutorial,2024-08-19 02:52:59+00:00,4083328,159126,1667,0.039377919,,0.038969674,0.000408245,15,Short Video,456
Dani Printul Banatului si Sorina Ceugea  - Poveste de strada ( Show Music Production ),Show Music Romania,2014-06-07 17:21:06+00:00,13011010,90012,1891,0.007063479,,0.00691814,0.000145338,189,Short Video,4181
Lecture 2 : Strings & Conditional Statements | Python Full Course,Shradha Khapra,2024-01-28 10:19:31+00:00,3885379,51299,2660,0.013887702,,0.013203084,0.000684618,3341,Medium Length Video,659
Lecture 3 : List & Tuple in Python | Python Full Course,Shradha Khapra,2024-01-29 15:19:16+00:00,2491917,34224,1661,0.014400554,,0.013733999,0.000666555,2506,Medium Length Video,658
Python Full Course‚ù§Ô∏è | Variables & Data Types | Lecture 1,Shradha Khapra,2024-01-26 15:31:21+00:00,12218294,202464,8123,0.017235384,,0.016570561,0.000664823,4939,Medium Length Video,661
Night Patrol | Official Trailer | Shudder,Shudder,2025-11-17 16:28:22+00:00,89385,3057,288,0.037421968,,0.034199987,0.003221981,145,Short Video,0
Java Plum Jaam #Shorts,Side Dish Recipes,2024-06-04 12:30:13+00:00,146231267,3144888,3503,0.021530217,,0.021506262,2.40E-05,59,Short Video,531
Data Science In 5 Minutes | Data Science For Beginners | What Is Data Science? | Simplilearn,Simplilearn,2018-12-04 14:30:01+00:00,4462089,62482,1101,0.014249601,,0.014002855,0.000246745,278,Short Video,2540
Deep Learning | What is Deep Learning? | Deep Learning Tutorial For Beginners | 2023 | Simplilearn,Simplilearn,2019-06-03 14:30:00+00:00,1571115,25676,1028,0.016996835,,0.016342523,0.000654312,352,Short Video,2359
How Much A Python Developer Earn ? | Python Developer Salary In India #Shorts #simplilearn,Simplilearn,2024-06-04 14:05:38+00:00,4711452,165636,45,0.035165585,,0.035156034,9.55E-06,46,Short Video,531
Machine Learning | What Is Machine Learning? | Introduction To Machine Learning | 2024 | Simplilearn,Simplilearn,2018-09-19 14:57:02+00:00,5273116,66588,2168,0.013038967,,0.012627825,0.000411142,472,Short Video,2616
What Is AI? | Artificial Intelligence | What is Artificial Intelligence? | AI In 5 Mins |Simplilearn,Simplilearn,2019-04-30 14:30:01+00:00,3510814,40358,2854,0.012308253,,0.011495337,0.000812917,328,Short Video,2393
Desis Go to The Most EXPENSIVE Country | Switzerland,Slayy Point,2024-05-17 12:00:01+00:00,21162221,420414,9838,0.020331135,,0.01986625,0.000464885,1691,Medium Length Video,549
AI 2027: A Realistic Scenario of AI Takeover,Species | Documenting AGI,2025-05-28 20:53:33+00:00,3834848,114674,18198,0.034648561,,0.029903133,0.004745428,2265,Medium Length Video,173
It Begins: An AI Literally Attempted Murder To Avoid Shutdown,Species | Documenting AGI,2025-10-01 17:58:17+00:00,8941707,378276,36040,0.046335219,,0.042304669,0.00403055,835,Short Video,47
BUILDING a ZOO in Roblox,SSundee,2025-11-17 22:00:46+00:00,258944,10459,591,0.042673155,,0.040390817,0.002282338,1177,Medium Length Video,0
Stanford CS229 I Machine Learning I Building Large Language Models (LLMs),Stanford Online,2024-08-27 22:02:57+00:00,1670211,44355,387,0.026788216,,0.026556509,0.000231707,6271,That's still bit long!,447
"Stanford CS229: Machine Learning Course, Lecture 1 - Andrew Ng (Autumn 2018)",Stanford Online,2020-04-17 20:07:45+00:00,3971220,52634,853,0.013468654,,0.013253858,0.000214795,4520,Medium Length Video,2040
Machine Learning Fundamentals: Bias and Variance,StatQuest with Josh Starmer,2018-09-17 16:00:42+00:00,1587680,43291,1556,0.028246858,,0.027266812,0.000980046,396,Short Video,2618
"StatQuest: Principal Component Analysis (PCA), Step-by-Step",StatQuest with Josh Starmer,2018-04-02 20:06:10+00:00,3411541,68347,4804,0.02144221,,0.020034049,0.001408161,1318,Medium Length Video,2786
Support Vector Machines Part 1 (of 3): Main Ideas!!!,StatQuest with Josh Starmer,2019-09-30 18:45:50+00:00,1646581,37930,2215,0.024380808,,0.023035597,0.001345211,1232,Medium Length Video,2240
Real Salary of Data Scientist in Bangalore!,Suman Mpm,2025-02-04 14:53:19+00:00,1733160,44988,294,0.026126828,,0.025957196,0.000169632,50,Short Video,286
Data Engineer vs. Data Scientist ft. @eczachly_,Sundas Khalid,2024-11-18 15:08:49+00:00,1552154,39747,405,0.025868551,,0.025607623,0.000260928,53,Short Video,364
Don't Become a Data Analyst if,Sundas Khalid,2024-08-13 14:08:48+00:00,2358888,62621,888,0.026923268,,0.026546819,0.000376448,60,Short Video,461
HTML & CSS Full Course - Beginner to Pro,SuperSimpleDev,2022-02-05 16:41:52+00:00,17223417,313182,16949,0.019167566,,0.018183499,0.000984067,23484,Long Video,1381
JavaScript Tutorial Full Course - Beginner to Pro,SuperSimpleDev,2024-05-09 07:28:14+00:00,7193467,144353,8418,0.021237462,,0.020067233,0.001170228,80157,Long Video,558
Python In Telugu For Beginners || Python Complete Course In Telugu || Python suresh techs || Python,Suresh techs,2021-05-29 02:30:14+00:00,2617324,57104,4101,0.023384562,,0.021817696,0.001566867,40383,Long Video,1634
What i Eat in a Day While Travelling #minivlog #shorts,Swara Singh,2024-09-18 07:22:29+00:00,17331741,679519,3190,0.039390674,,0.039206619,0.000184055,60,Short Video,426
every trick to EAR CANDY,Synthet,2025-03-13 16:00:31+00:00,2676921,133599,2015,0.050660423,,0.049907692,0.00075273,505,Short Video,249
music's most addictive rhythm,Synthet,2025-05-26 14:45:05+00:00,3331932,109009,1425,0.033144124,,0.032716444,0.00042768,120,Short Video,175
43 Easy 3-Ingredient Recipes,Tasty,2018-09-21 16:00:03+00:00,30760360,577082,15792,0.019273961,,0.018760573,0.000513388,1220,Medium Length Video,2614
The Legend of Zelda - First Trailer (2027) Nintendo | Sony Pictures,Teaser Universe,2025-11-17 15:50:06+00:00,62431,712,168,0.014095336,,0.011404408,0.002690928,70,Short Video,0
IT: Welcome to Derry (2025) | Episode 5 Trailer | HBO Max,TeaserCon,2025-11-17 01:30:35+00:00,157413,2686,213,0.018416405,,0.017063285,0.00135312,38,Short Video,1
Create a Spiderman using python coding |python programer| #tech #python #coding,Tech Owner,2022-06-28 04:40:16+00:00,2876992,117152,1177,0.041129401,,0.040720294,0.000409108,59,Short Video,1239
How much does a DATA SCIENTIST make? #shorts #ytshorts #techjobsin2minutes,Tech Stories in 2 Minutes,2024-06-19 15:00:40+00:00,1287173,31618,264,0.02476899,,0.02456389,0.0002051,35,Short Video,516
12 Hour Coding Livestream - Creating an Online Game with Python,Tech With Tim,2019-10-18 05:31:30+00:00,11010627,214100,3180,0.019733661,,0.019444849,0.000288812,42901,Long Video,2223
Python Object Oriented Programming (OOP) - For Beginners,Tech With Tim,2020-03-29 17:02:09+00:00,3825531,103611,2779,0.027810511,,0.027084076,0.000726435,3186,Medium Length Video,2059
Python Tutorial for Beginners - Learn Python in 5 Hours [FULL COURSE],TechWorld with Nana,2021-03-05 14:10:17+00:00,6572989,167136,3998,0.026035944,,0.025427697,0.000608247,19890,Long Video,1718
Charusheela going to Bangalore | Telugu mini vlogs | Travel vlogs | Telugu comedy vlogs | Tejaswi,TEJASWI ANUMOLE,2024-11-23 11:39:45+00:00,12047447,285946,606,0.023785286,,0.023734985,5.03E-05,60,Short Video,359
#0 Python for Beginners | Programming Tutorial,Telusko,2018-08-16 08:58:58+00:00,8997835,95477,1206,0.010745139,,0.010611107,0.000134032,66,Short Video,2651
"Students master DJing at The Audio Culture, guided by our amazing faculty! #dj  #music #producer",The Audio Culture Academy,2025-03-05 12:34:06+00:00,25928518,474279,332,0.018304593,,0.018291789,1.28E-05,54,Short Video,257
The Beatles Anthology | Official Trailer | Disney+,The Beatles,2025-11-17 14:55:08+00:00,116340,8170,529,0.074771577,,0.070224598,0.004546978,146,Short Video,0
Breakfast #miniblog #bengali #kolkata #youtubeshorts #viral #bongjuti #travel #foodblogger,The Bong Juti,2024-04-26 02:52:28+00:00,10899109,314198,1102,0.028928968,,0.028827858,0.000101109,59,Short Video,571
The AI Safety Expert: These Are The Only 5 Jobs That Will Remain In 2030! - Dr. Roman Yampolskiy,The Diary Of A CEO,2025-09-04 07:00:34+00:00,10040019,218333,41609,0.025890586,,0.021746271,0.004144314,5258,That's still bit long!,75
"Godfather of AI WARNS: ""You Have No Idea What's Coming""",The Diary Of A CEO Clips,2025-09-27 18:00:03+00:00,4073415,60814,11599,0.017776971,,0.014929484,0.002847487,1257,Medium Length Video,51
How to cook salmon fish recipe #shortvideo #shorts #cooking #food #recipe,The Everyday Recipe,2024-11-25 16:27:24+00:00,50280390,1452828,11120,0.029115684,,0.028894525,0.00022116,59,Short Video,357
Met some cool people at the last LA Expo! #fitness #workout,The Greatest Entertainer,2024-09-12 15:10:21+00:00,31588791,370615,1130,0.011768256,,0.011732484,3.58E-05,26,Short Video,431
How China Is Using Artificial Intelligence in Classrooms | WSJ,The Wall Street Journal,2019-10-01 17:20:56+00:00,4289580,82564,12746,0.022218953,2.22189585,0.019247568,0.002971386,344,Short Video,2239
Artificial Intelligence Out of Control: The Apocalypse is Here | How AI and ChatGPT End Humanity,The Why Files,2023-07-07 01:00:11+00:00,4700822,189600,19686,0.04452114,,0.040333363,0.004187777,2628,Medium Length Video,865
THE GAME AWARDS 2025 Nominees Revealed!,thegameawards,2025-11-17 17:14:13+00:00,781412,43744,6522,0.064327059,,0.05598064,0.008346419,612,Short Video,0
#09 Time to say Goodbye to the family | Back to Keralaüèù #chuttidays,therainbowgirl,2023-01-02 13:15:49+00:00,12159389,660770,1163,0.05443801,,0.054342364,9.56E-05,58,Short Video,1050
#146 Dinner and Breakfast in Rajdhani Express,therainbowgirl,2023-07-08 13:30:17+00:00,86027102,2661752,2782,0.030973192,,0.030940854,3.23E-05,51,Short Video,863
#160 Atlast TRAIN arrives | Kerala Express,therainbowgirl,2023-07-22 13:30:25+00:00,55206659,1521641,1456,0.027589008,,0.027562635,2.64E-05,46,Short Video,849
#377 Journey to Jagannath Puri begins,therainbowgirl,2024-02-22 13:30:35+00:00,11446081,423280,1423,0.037104662,,0.03698034,0.000124322,54,Short Video,634
#381 My FIRST Nightout at Visakhapatnam,therainbowgirl,2024-02-26 14:35:43+00:00,14250732,520445,1110,0.036598468,,0.036520578,7.79E-05,60,Short Video,630
#520 Reached back KOCHI | Train Journey ENDS,therainbowgirl,2024-07-27 13:30:23+00:00,10471672,328349,657,0.031418666,,0.031355926,6.27E-05,60,Short Video,478
#76 Returning back to KOCHI,therainbowgirl,2023-04-26 13:30:31+00:00,19698225,961443,865,0.048852521,,0.048808608,4.39E-05,50,Short Video,936
SURPRISED Foreigners Order Lime & Soda in KERALA (Travel video) #Shorts #TravelShorts #indiafood,Those Happy Days,2023-02-08 11:04:26+00:00,64067697,2616215,15526,0.041077502,,0.040835165,0.000242337,32,Short Video,1013
How I Would Learn Python FAST (if I could start over),Thu Vu,2024-06-19 15:04:05+00:00,1471305,51961,1018,0.036008145,,0.035316243,0.000691902,739,Short Video,516
"How I Learned to Code in 4 Months & Got a Job! (No CS Degree, No Bootcamp)",Tim Kim,2023-06-13 18:52:08+00:00,8353887,406991,8924,0.049786997,,0.048718752,0.001068245,591,Short Video,888
50 Best Places to Visit in the USA - Travel Video,touropia,2023-11-22 18:05:02+00:00,9071996,51323,1895,0.005866184,,0.005657299,0.000208885,3410,Medium Length Video,726
Flying First Class to Every Continent in 7 days,Trek Trendy,2023-11-22 20:30:05+00:00,20163801,169355,7879,0.008789711,,0.008398962,0.00039075,2725,Medium Length Video,726
I'll Burn This Bitch Down,Unbound Music - Topic,2025-11-14 05:17:15+00:00,100109,6440,0,0.064329238,,0.064329238,0,240,Short Video,4
Five Nights at Freddy's 2 | Rage,Universal Pictures,2025-11-17 17:01:35+00:00,356239,22033,1270,0.065413766,,0.061848754,0.003565012,33,Short Video,0
What is Machine Learning?? Dr Tanu Jain Interview #upscinterview #upscaspirants #shortsfeed #fypage,UPSC Brilliance,2025-02-17 14:31:02+00:00,4391676,82870,424,0.018966331,,0.018869785,9.65E-05,20,Short Video,273
How Billie Eilish and FINNEAS Created Oscar-Winning 'What Was I Made For' | Vanity Fair,Vanity Fair,2023-12-07 13:30:01+00:00,3386024,131781,2766,0.039735974,,0.038919087,0.000816887,1115,Medium Length Video,711
1000 SAMOSA RECIPE BY MY GRANNY | STREET FOOD | INDIAN RECIPES | PERFECT SAMOSA | POTATO RECIPES,Veg Village Food,2020-06-19 12:30:05+00:00,149137658,935451,30939,0.006479852,,0.0062724,0.000207453,603,Short Video,1977
They Made A Fun Slot Even More Fun,Vegas Matt,2025-11-17 16:45:00+00:00,274341,11594,1934,0.049310714,,0.042261119,0.007049595,3872,Medium Length Video,0
Game Critics,videogamedunkey,2017-07-08 19:30:00+00:00,17460508,385229,17637,0.023072981,,0.022062873,0.001010108,533,Short Video,3054
Ghost of Yotei,videogamedunkey,2025-10-03 19:30:00+00:00,1705918,65920,1652,0.039610321,,0.038641928,0.000968393,547,Short Video,45
How to be a Good Game Reviewer,videogamedunkey,2023-09-14 19:30:02+00:00,2835218,141614,6656,0.052295784,,0.04994817,0.002347614,349,Short Video,795
10 MILLION TINY FISHES | Ayira Meen | Rare River Fish Cleaning and Cooking In Village | Fish Recipes,Village Cooking Channel,2022-03-26 14:34:19+00:00,76409272,784052,11524,0.010412035,,0.010261215,0.000150819,534,Short Video,1332
1000 MYSORE PAK | Traditional Mysore Pak Recipe Cooking in Village | Quick & Easy Sweet Recipe,Village Cooking Channel,2023-02-28 14:45:54+00:00,29868466,326215,7045,0.011157586,,0.010921719,0.000235867,494,Short Video,993
COLORFUL SWEET | Coconut Laddu Recipe Cooking in Village | Farm Fresh Coconut Nariyal Ladoo Recipe,Village Cooking Channel,2025-02-08 14:02:26+00:00,37331561,181220,3085,0.004936975,,0.004854337,8.26E-05,641,Short Video,282
FULL CHICKEN BIRYANI | Whole Chicken Biryani Cooking & Eating in Village | Arabian Biryani Recipe,Village Cooking Channel,2024-09-24 14:00:12+00:00,59910020,604286,7851,0.010217606,,0.01008656,0.000131047,525,Short Video,419
MUTTON DRY FRY | Varattu Kari | Chettinad Fried Mutton Recipe | Traditional Cooking in Village,Village Cooking Channel,2019-05-18 14:32:01+00:00,34362471,319634,5340,0.009457236,,0.009301834,0.000155402,604,Short Video,2375
POTATO CHICKEN | Aloo Chicken | One Pan Chicken and Potatoes Recipe Cooking in Underground Baking,Village Cooking Channel,2024-12-09 14:01:19+00:00,30442897,293744,4057,0.009782282,,0.009649016,0.000133266,543,Short Video,343
PRAWNS FRY | Crispy Shrimp Fry Recipe Cooking in Village | Tasty Fried Shrimp Seafood Recipe,Village Cooking Channel,2020-08-17 14:17:29+00:00,42249717,456338,8154,0.010993967,,0.010800972,0.000192995,605,Short Video,1918
Hyper-realistic Robot at CES 2025! #robot #ai #shorts,Voices of Nightmare,2025-01-19 00:45:01+00:00,14119348,198103,13473,0.014984827,,0.014030604,0.000954222,39,Short Video,303
1.0 Mile Happy Walk | Walk at Home | Walking Workout | over 100M Views,Walk at Home,2015-12-11 20:48:16+00:00,73868904,451815,8421,0.006230443,,0.006116444,0.000113999,931,Short Video,3629
20 Minute Walk at Home Exercise | Fitness Videos,Walk at Home,2018-03-28 13:54:58+00:00,54725592,264039,5780,0.004930399,,0.004824781,0.000105618,1281,Medium Length Video,2791
Classic 2 Mile Workout by Walk at Home - DLCC3 - Steel City Series,Walk at Home,2021-10-20 12:00:12+00:00,25135280,168236,5342,0.006905751,,0.006693221,0.00021253,1812,Medium Length Video,1489
FAST Walking in 30 minutes | Fitness Videos,Walk at Home,2019-04-17 14:59:55+00:00,167318399,939090,26249,0.005769473,,0.005612593,0.000156881,1891,Medium Length Video,2406
"Lose 20kg successfully! Anyone can do , let's succeed in dieting with Chinese exercise! #shorts",Wanyo mori,2024-10-02 06:31:21+00:00,59857636,1397949,5121,0.023440117,,0.023354564,8.56E-05,60,Short Video,412
Top 10 Most Controversial Video Game Reviews,WatchMojo.com,2017-10-13 13:00:02+00:00,2964066,36237,6653,0.014469983,,0.012225432,0.002244551,600,Short Video,2957
LOSE BELLY FAT IN 7 DAYS Challenge | Lose Belly Fat In 1 Week At Home | Cult Fit | CureFit,wearecult,2020-12-04 02:30:10+00:00,102394267,2154915,46035,0.021494856,,0.02104527,0.000449586,778,Short Video,1810
How to Make a Website in 10 mins - 2025 Simple & Easy,Website Learners,2018-01-03 15:32:33+00:00,19583119,396640,16522,0.021097864,,0.020254178,0.000843686,742,Short Video,2875
Cooking A Whole Huge Ostrich! The Recipe Of The Dish That Everyone Was Waiting For,WILDERNESS COOKING,2023-10-01 13:00:33+00:00,68811595,484053,23873,0.007381401,,0.007034468,0.000346933,1512,Medium Length Video,778
"I entered the most restricted and sanctioned country in europe, Russia #minivlog #travel #ytshorts",wittySpace,2025-09-18 14:42:30+00:00,17758509,513021,1254,0.028959355,,0.028888741,7.06E-05,70,Short Video,60
I found something very strange in Hong Kong #ytshorts #vlog #hongkong #china,wittySpace,2025-08-25 14:43:33+00:00,20523429,509228,831,0.024852522,,0.024812032,4.05E-05,62,Short Video,84
I lived in the Luxurious tiny apartment of Hong Kong #ytshorts #hongkong #tinyhouse #travel,wittySpace,2025-08-28 16:17:01+00:00,28867787,638354,939,0.022145549,,0.022113021,3.25E-05,67,Short Video,81
I travelled 7 countries with only 50 thousand rupees  #ytshorts #minivlog #vlog,wittySpace,2025-06-30 14:56:12+00:00,19492072,599919,810,0.030819144,,0.030777588,4.16E-05,72,Short Video,140
My most expensive Vietnam trip cost and itinerary #minivlog #ytshorts #vietnam,wittySpace,2024-12-16 15:57:43+00:00,26091824,908602,2033,0.034901162,,0.034823244,7.79E-05,60,Short Video,336
"God, Save Me From Myself (Ashes of Eden)",WizFlow Tunes - Topic,2025-11-14 11:15:54+00:00,150998,6224,65,0.041649282,,0.041218816,0.000430466,175,Short Video,3
Standing Abs exercises to Flat Stomach,WORKOUT NATION,2022-12-20 08:25:09+00:00,36442760,389266,886,0.010705885,,0.010681573,2.43E-05,8,Short Video,1064
World at War,World at War,2025-11-03 04:49:10+00:00,0,0,0,0,,0,0,0,Short Video,15
Data Analytics FULL Course for Beginners to Pro in 29 HOURS - 2025 Edition,WsCube Tech,2024-01-07 13:30:10+00:00,7612848,210677,5817,0.028437974,,0.027673871,0.000764103,105227,Long Video,680
Data Science FULL Course for Beginners in 27 HOURS - 2025 Edition,WsCube Tech,2024-06-11 13:30:30+00:00,1324303,38295,973,0.029651802,,0.028917076,0.000734726,100125,Long Video,524
"Full Stack ""Web Development"" Full Course - in 28 Hours | Learn Web Developer in 2025 with Projects",WsCube Tech,2023-01-01 13:30:04+00:00,3306774,88856,1775,0.027407671,,0.026870894,0.000536777,101808,Long Video,1051
Machine Learning FULL Course with Practical (10 HOURS) | Learn Free ML in 2025 | Part-1,WsCube Tech,2024-04-15 13:30:09+00:00,1597050,43241,1630,0.02809616,,0.027075529,0.001020631,37007,Long Video,581
No Gym Full Chest Workout At Home,Yash Anand,2020-03-20 13:33:17+00:00,40017448,1063439,19869,0.027070891,,0.026574383,0.000496508,354,Short Video,2068
Benefits of being developer #webdevelopment #frontend #html #javascript #coding #javascripttricks,Yashu Developer,2025-02-13 13:53:04+00:00,4449781,170742,962,0.038587059,,0.038370869,0.00021619,21,Short Video,277
How virus is created #webdevelopment #frontend #html #css #javascript #coding #javascripttricks,Yashu Developer,2025-03-05 14:16:41+00:00,5033334,0,1907,0.000378874,,0,0.000378874,42,Short Video,257
YEEPS PLUSH PETS REVEALED | Official Launch Trailer,Yeeps Official,2025-11-17 18:00:06+00:00,31815,1326,492,0.057141061,,0.041677144,0.015463918,65,Short Video,0
Making Music with Apples                        #apple #music #audio,You Suck At Cooking,2024-08-15 17:34:19+00:00,3359740,183310,998,0.0548578,,0.054560753,0.000297047,15,Short Video,459
Data Analyst Salary & Job Market in 2025 #DataAnalyst #DataScience #DataAnalystSalary  #BigData #ai,Zubani Jack,2024-10-16 11:45:53+00:00,1231493,40648,433,0.033358668,,0.033007063,0.000351605,50,Short Video,397
35 Mins Exercises For Weight Loss | Best FULL BODY WORKOUT | Zumba Class,Zumba Class,2020-08-28 22:00:11+00:00,26349914,178175,2438,0.006854405,,0.006761881,9.25E-05,1797,Medium Length Video,1907
7 DAY CHALLENGE / 12 MINUTE WORKOUT TO LOSE BELLY FAT / SPECIAL WORKOUT | Zumba Class,Zumba Class,2021-06-18 22:00:14+00:00,29384178,250695,2785,0.008626411,,0.008531632,9.48E-05,740,Short Video,1613
Exercise To Lose Weight FAST || Zumba Class,Zumba Class,2020-04-23 14:00:24+00:00,100753259,840567,14921,0.008490921,,0.008342827,0.000148094,1443,Medium Length Video,2034
